ref,name,imo,level,listed_name,list_source,list,list_ids,via_alias,weak_alias,listed_imo,score,matched_on
M-0001,Van Dalen Koelvervoer B.V.,,no-match,,,,,,,,,
M-0002,Kaashandel Reeuwijk B.V.,,no-match,,,,,,,,,
M-0003,Brabantse Machinefabriek Heeswijk B.V.,,no-match,,,,,,,,,
M-0004,Groenveld Agri Trading BV,,no-match,,,,,,,,,
M-0005,Stuwadoorsbedrijf De Kade Vlaardingen B.V.,,no-match,,,,,,,,,
M-0006,Zeeuwse Commerciebank N.V.,,no-match,,,,,,,,,
M-0007,Lindeboom Expeditie en Douane B.V. ref LB-24-0917,,no-match,,,,,,,,,
M-0008,Maasoever Tankopslag B.V.,,no-match,,,,,,,,,
M-0009,Hoekstra Houthandel BV,,no-match,,,,,,,,,
M-0010,Willemijn Bosch,,no-match,,,,,,,,,
M-0011,Gerdina Kooistra,,no-match,,,,,,,,,
M-0012,Maarten van der Linde,,no-match,,,,,,,,,
M-0013,Antwerpse Staalhandel Verbruggen NV,,no-match,,,,,,,,,
M-0014,Brasserie Artisanale des Deux Collines SPRL,,no-match,,,,,,,,,
M-0015,Vandersmissen Chemicals NV,,no-match,,,,,,,,,
M-0016,Spedition Kranzberger GmbH,,no-match,,,,,,,,,
M-0017,Oberlander Werkzeugmaschinen GmbH & Co KG,,no-match,,,,,,,,,
M-0018,Holzkontor Wesermarsch GmbH,,no-match,,,,,,,,,
M-0019,Rheinische Kunststoffwerke Talberg AG,,no-match,,,,,,,,,
M-0020,Nordhafen Privatbank AG,,no-match,,,,,,,,,
M-0021,Katja Rehberg,,no-match,,,,,,,,,
M-0022,Sabine Oberhuber,,no-match,,,,,,,,,
M-0023,Transports Frigorifiques Lemarchand SAS,,no-match,,,,,,,,,
M-0024,Tissages de la Vallee de l'Ance SARL,,no-match,,,,,,,,,
M-0025,Fromagerie Coutelier et Fils,,no-match,,,,,,,,,
M-0026,Jean-Baptiste Morvillier,,no-match,,,,,,,,,
M-0027,Castlereagh Precision Engineering Ltd,,no-match,,,,,,,,,
M-0028,Pennington Cargo Underwriting Limited,,no-match,,,,,,,,,
M-0029,MOLINOS DEL TAJO BAJO SL,,no-match,,,,,,,,,
M-0030,Conservas Mariñeira Ribeiro S.L.,,no-match,,,,,,,,,
M-0031,Ceramiche Valdarno Superiore S.p.A.,,no-match,,,,,,,,,
M-0032,Tessitura Bellagamba S.r.l.,,no-match,,,,,,,,,
M-0033,Corticas do Alentejo Pereira & Filhos Lda,,no-match,,,,,,,,,
M-0034,Kyra Evdokia,,no-match,,,,,,,,,
M-0035,Frida Kvalvik,,no-match,,,,,,,,,
M-0036,PRZEDSIEBIORSTWO HANDLOWE LIPOWIEC SP Z O O,,no-match,,,,,,,,,
M-0037,Meble Zagajnik Sp. z o.o.,,no-match,,,,,,,,,
M-0038,Kujawska Walcownia Profili S.A.,,no-match,,,,,,,,,
M-0039,Tomasz Wierzbicki,,no-match,,,,,,,,,
M-0040,Strojírny Vlčkov a.s.,,no-match,,,,,,,,,
M-0041,Sklarna Horni Lipa s.r.o.,,no-match,,,,,,,,,
M-0042,Tatranská Drevovýroba s.r.o.,,no-match,,,,,,,,,
M-0043,Alföldi Konzervgyár Kft.,,no-match,,,,,,,,,
M-0044,Agroserv Banat SRL,,no-match,,,,,,,,,
M-0045,Savska Logistika d.o.o.,,no-match,,,,,,,,,
M-0046,"Ningbo Hengyue Machinery Co., Ltd.",,possible,"NINGBO OTURN MACHINERY CO., LTD",UK,The Russia (Sanctions) (EU Exit) Regulations 2019,RUS2393,宁波欧腾机械有限公司,,,0.800,name
M-0047,嘉兴云帆纺织有限公司,,no-match,,,,,,,,,
M-0048,"Foshan Nanhai Mingcui Ceramics Co., Ltd.",,no-match,,,,,,,,,
M-0049,"Qingdao Haibin Food Machinery Co., Ltd.",,no-match,,,,,,,,,
M-0050,Xiamen Lanxing Stone Industry Co Ltd,,no-match,,,,,,,,,
M-0051,"Suzhou Ruitai Precision Components Co., Ltd.",,no-match,,,,,,,,,
M-0052,"Shenzhen Guanglian Circuit Board Co., Ltd.",,no-match,,,,,,,,,
M-0053,Kowloon Bay Freight Consolidators Limited Unit 1203 Tower B,,no-match,,,,,,,,,
M-0054,"Taichung Hsinfeng Machine Tools Co., Ltd.",,no-match,,,,,,,,,
M-0055,"Setouchi Seiko Co., Ltd.",,no-match,,,,,,,,,
M-0056,Hokuriku Textile Machinery K.K.,,no-match,,,,,,,,,
M-0057,"Hangyeol Precision Co., Ltd.",,no-match,,,,,,,,,
M-0058,Tian Yu Shan,,possible,TIAN YU 7,OFAC,GLOMAG,33806,,,8651283,0.800,name
M-0058,Tian Yu Shan,,possible,TIAN YU 8,OFAC,GLOMAG,33807,,,8651295,0.800,name
M-0059,Lan Xiu Hu,,no-match,,,,,,,,,
M-0060,Fang Wenjie,,no-match,,,,,,,,,
M-0061,Coimbatore Pumpsets and Motors Pvt. Ltd.,,no-match,,,,,,,,,
M-0062,Kavinila Knit Exports Pvt Ltd,,no-match,,,,,,,,,
M-0063,Sutlej Forgings Pvt. Ltd.,,no-match,,,,,,,,,
M-0064,Priya Raghunathan,,no-match,,,,,,,,,
M-0065,Mekong Rattan Crafts JSC,,no-match,,,,,,,,,
M-0066,"Phu Hoa Wood Furniture Co., Ltd.",,no-match,,,,,,,,,
M-0067,"Nakhon Pathom Kaset Rice Mill Co., Ltd.",,no-match,,,,,,,,,
M-0068,SELANGOR LATEX COMPOUNDING SDN BHD,,no-match,,,,,,,,,
M-0069,Tanjong Pagar Cargo Agencies Pte. Ltd.,,possible,TANJONG PAGAR 1,OFAC,IRAN-EO13902,58109,,,9404508,0.800,name
M-0070,Serangoon Trader,,no-match,,,,,,,,,
M-0071,Buldan Dokuma Tekstil San. ve Tic. A.Ş.,,no-match,,,,,,,,,
M-0072,Konya Tarım Makinaları San. Tic. Ltd. Şti.,,no-match,,,,,,,,,
M-0073,Nilüfer Oto Yan Sanayi A.S.,,no-match,,,,,,,,,
M-0074,Gebze Kimya Boya San. A.Ş.,,possible,Baotou Guanghua Chemical Industrial Corporation (Parent Organization: China National Nuclear Group Corporation (CNNC)),CSL,Entity List (EL),a052cd878cfc19b35d7a427a1ee017c501e4f4d9855594a6e3a0474f,Chemical Industry Company,,,0.800,name
M-0075,Elif Karaosmanoğlu,,possible,EKC.AG,UK,The Russia (Sanctions) (EU Exit) Regulations 2019,RUS2441,e. K.-Company GmbH & Co. KG,,,0.800,name
M-0076,PALM CREST FOOD DISTRIBUTION LLC,,no-match,,,,,,,,,
M-0077,Tabuk Fresh Produce Co.,,no-match,,,,,,,,,
M-0078,Sohar Harbour Stevedoring LLC,,no-match,,,,,,,,,
M-0079,Conserverie Atlantique d'Agadir SARL,,no-match,,,,,,,,,
M-0080,Huilerie Ben Ammar et Fils,,no-match,,,,,,,,,
M-0081,Tema Harbour Cocoa Warehousing Ltd,,no-match,,,,,,,,,
M-0082,Kofi Asamoah Boateng,,no-match,,,,,,,,,
M-0083,Mombasa Road Tea Packers Limited,,no-match,,,,,,,,,
M-0084,Eleni Karvouni,,possible,EKC.AG,UK,The Russia (Sanctions) (EU Exit) Regulations 2019,RUS2441,e. K.-Company GmbH & Co. KG,,,0.800,name
M-0085,Bonita Harvest,,possible,Blood and Honour,UK,The Counter-Terrorism (Sanctions) (EU Exit) Regulations 2019,CTD0006,B&H,,,0.800,name
M-0086,Saginaw Valley Castings Inc.,,no-match,,,,,,,,,
M-0087,Prairie Hollow Feed & Grain LLC,,no-match,,,,,,,,,
M-0088,Brandywine Specialty Resins Inc.,,no-match,,,,,,,,,
M-0089,Pee Dee River Textiles Inc.,,no-match,,,,,,,,,
M-0090,Harbor Crescent Customs Brokerage LLC 1150 Front St,,no-match,,,,,,,,,
M-0091,KESTREL RIDGE HARDWOODS INC,,no-match,,,,,,,,,
M-0092,Laurentian Maple Exporters Ltd.,,no-match,,,,,,,,,
M-0093,Fraser Delta Lumber Ltd.,,no-match,,,,,,,,,
M-0094,Frigorifico San Ignacio del Litoral S.A.,,no-match,,,,,,,,,
M-0095,Viña Quebrada Honda S.A.,,no-match,,,,,,,,,
M-0096,Cafés Especiales Alto Huila S.A.S.,,no-match,,,,,,,,,
M-0097,Exportadora de Mangos Tambogrande S.A.C.,,no-match,,,,,,,,,
M-0098,Maquinados Industriales del Bajio SA de CV,,no-match,,,,,,,,,
M-0099,Balboa Meridian,,no-match,,,,,,,,,
M-0100,Exuma Wind,,no-match,,,,,,,,,
M-0101,Koolhaven Bulk Overslag B.V.,,no-match,,,,,,,,,
M-0102,Ter Horst Voedingsmiddelen B.V.,,no-match,,,,,,,,,
M-0103,De Wilde Hydrauliek BV,,no-match,,,,,,,,,
M-0104,Veenstra Aardappelexport B.V.,,no-match,,,,,,,,,
M-0105,Rozendaal Textielgroothandel B.V.,,no-match,,,,,,,,,
M-0106,Hendrik-Jan Brouwers,,no-match,,,,,,,,,
M-0107,Kempische Metaalwerken NV,,no-match,,,,,,,,,
M-0108,Gebroeders Declercq Houtimport BVBA,,no-match,,,,,,,,,
M-0109,Courtage d'Assurances Van Belle-Moreau SA,,no-match,,,,,,,,,
M-0110,Lieselotte,,no-match,,,,,,,,,
M-0111,Luxfracht Transports Sarl,,no-match,,,,,,,,,
M-0112,Maschinenbau Grotzinger GmbH,,no-match,,,,,,,,,
M-0113,Hansa Kühllogistik Bremerhaven GmbH,,no-match,,,,,,,,,
M-0114,Chemiehandel Rossbach KG,,no-match,,,,,,,,,
M-0115,Textilveredelung Uhlenhorst GmbH,,no-match,,,,,,,,,
M-0116,Mühlenwerke Ostheide GmbH,,no-match,,,,,,,,,
M-0117,Etablissements Garnier-Duclos SA,,no-match,,,,,,,,,
M-0118,Laiterie Cooperative du Haut-Bocage,,no-match,,,,,,,,,
M-0119,Aciéries de la Sambre Rousseau SAS,,no-match,,,,,,,,,
M-0120,Dunmore Quay Freight Services Ltd ref DQ-7730,,no-match,,,,,,,,,
M-0121,Siobhán Kearney,,no-match,,,,,,,,,
M-0122,Ashcombe Agricultural Machinery Limited,,no-match,,,,,,,,,
M-0123,Wrenfield Textiles Ltd,,no-match,,,,,,,,,
M-0124,Holmfirth Worsted Spinners Limited,,no-match,,,,,,,,,
M-0125,Brennwald Präzisionsteile AG,,no-match,,,,,,,,,
M-0126,Aarestern,,no-match,,,,,,,,,
M-0127,HOLZINDUSTRIE MURZTAL GMBH,,no-match,,,,,,,,,
M-0128,Skovgaard Foderstoffer AS,,no-match,,,,,,,,,
M-0129,Bergslagens Gjuteri AB,,no-match,,,,,,,,,
M-0130,Björkö Express,,no-match,,,,,,,,,
M-0131,Pohjanmaan Sahatavara Oy,,no-match,,,,,,,,,
M-0132,Torrefazione Caffè Ceccarelli S.r.l.,,no-match,,,,,,,,,
M-0133,Luca Baldassini,,no-match,,,,,,,,,
M-0134,Theodora Kyriakou,,no-match,,,,,,,,,
M-0135,Agios Nikandros,,no-match,,,,,,,,,
M-0136,Fabryka Okuć Budowlanych Mielnik Sp. z o.o.,,no-match,,,,,,,,,
M-0137,Chlodnia Mazurska SA,,no-match,,,,,,,,,
M-0138,Oświetlenie Warta sp. z o.o.,,no-match,,,,,,,,,
M-0139,Mlékárna Podorlicko a.s.,,no-match,,,,,,,,,
M-0140,Dřevozpracující družstvo Kněžice,,no-match,,,,,,,,,
M-0141,Kovovýroba Liptov s.r.o.,,no-match,,,,,,,,,
M-0142,Bakonyi Faipari Zrt,,no-match,,,,,,,,,
M-0143,Mobila Somes SRL,,no-match,,,,,,,,,
M-0144,Тракийско Лозе ЕООД,,no-match,,,,,,,,,
M-0145,Ivana Horvatić,,no-match,,,,,,,,,
M-0146,"Changzhou Huaxin Gear Box Co., Ltd.",,no-match,,,,,,,,,
M-0147,"Zhangjiagang Yuntong Stainless Pipe Co., Ltd.",,no-match,,,,,,,,,
M-0148,"Wenzhou Oulian Valve Co., Ltd.",,no-match,,,,,,,,,
M-0149,"Shaoxing Jinyue Printing & Dyeing Co., Ltd.",,no-match,,,,,,,,,
M-0150,Hangzhou Qiantang Garden Tools Co Ltd,,no-match,,,,,,,,,
M-0151,"Yantai Guoxing Apple Juice Co., Ltd.",,no-match,,,,,,,,,
M-0152,"Dongguan Meilan Toys Manufacturing Co., Ltd.",,no-match,,,,,,,,,
M-0153,Tsuen Wan Logistics Consolidation Limited 18/F Tower 2,,no-match,,,,,,,,,
M-0154,"Kaohsiung Renyi Fasteners Co., Ltd.",,no-match,,,,,,,,,
M-0155,"Sanuki Food Machinery Co., Ltd.",,no-match,,,,,,,,,
M-0156,ENSHU KASEI KOGYO CO LTD,,no-match,,,,,,,,,
M-0157,"Daegu Hanbit Textile Co., Ltd.",,no-match,,,,,,,,,
M-0158,Xin Rui Feng,,no-match,,,,,,,,,
M-0159,Hua Ning Yuan,,no-match,,,,,,,,,
M-0160,Yoon Seo-yeon,,no-match,,,,,,,,,
M-0161,Ramganga Brass Handicrafts Pvt. Ltd.,,no-match,,,,,,,,,
M-0162,Godavari Valley Grape Exports Pvt. Ltd.,,no-match,,,,,,,,,
M-0163,Rajkot Diesel Engine Components Pvt Ltd,,no-match,,,,,,,,,
M-0164,Halda Valley Knit Composite Ltd.,,no-match,,,,,,,,,
M-0165,GALLE CINNAMON GROWERS PVT LTD,,no-match,,,,,,,,,
M-0166,Công ty TNHH Dệt May Sông Thao,,no-match,,,,,,,,,
M-0167,PT Rotan Cirebon Makmur,,no-match,,,,,,,,,
M-0168,Laguna Desiccated Coconut Corp.,,no-match,,,,,,,,,
M-0169,Pasir Ris Endeavour,,no-match,,,,,,,,,
M-0170,Trần Thị Mai Anh,,no-match,,,,,,,,,
M-0171,Alaşehir Kuru Üzüm İhracat Ltd. Şti.,,no-match,,,,,,,,,
M-0172,Kayseri Mobilya Aksesuar San. A.Ş.,,no-match,,,,,,,,,
M-0173,Uşak Battaniye ve Halı San. A.Ş.,,no-match,,,,,,,,,
M-0174,Corlu Ambalaj Sanayi AS,,no-match,,,,,,,,,
M-0175,Sandbar Cold Stores L.L.C. PO Box 26114,,no-match,,,,,,,,,
M-0176,Lusail Building Supplies W.L.L.,,no-match,,,,,,,,,
M-0177,Wadi Rum Stone Exporters Co.,,no-match,,,,,,,,,
M-0178,Yael Barzilai,,no-match,,,,,,,,,
M-0179,Cacao Lagunes Conditionnement SA,,no-match,,,,,,,,,
M-0180,DAKAR ARACHIDES DECORTICAGE SARL,,no-match,,,,,,,,,
M-0181,Lagos Mainland Packaging Industries Ltd,,no-match,,,,,,,,,
M-0182,Durban Harbour Timber Merchants (Pty) Ltd,,no-match,,,,,,,,,
M-0183,Beira Corridor Clearing and Forwarding Lda,,no-match,,,,,,,,,
M-0184,Maria Kaloudi,,no-match,,,,,,,,,
M-0185,Tessa Brandt,,no-match,,,,,,,,,
M-0186,OHIO RIVER VALVE & FITTING CO,,no-match,,,,,,,,,
M-0187,Naches Heights Fruit Packers LLC,,no-match,,,,,,,,,
M-0188,Carolina Piedmont Hosiery Inc.,,no-match,,,,,,,,,
M-0189,Galveston Bay Chemical Logistics LLC,,no-match,,,,,,,,,
M-0190,Mid-Atlantic Freight Underwriters Inc.,,no-match,,,,,,,,,
M-0191,Dana Whitcomb,,no-match,,,,,,,,,
M-0192,Lower Mainland Seafood Exporters Ltd.,,no-match,,,,,,,,,
M-0193,Beauharnois Aluminium Extrusions Inc.,,no-match,,,,,,,,,
M-0194,Curtume Vale do Sinos Ltda.,,no-match,,,,,,,,,
M-0195,Industria de Maquinas Agricolas Serrana Ltda,,no-match,,,,,,,,,
M-0196,Bodega Los Aromos del Valle S.A.,,no-match,,,,,,,,,
M-0197,Salmones Fiordo Comau S.A.,,no-match,,,,,,,,,
M-0198,Floricultura Sabana Alta S.A.S.,,no-match,,,,,,,,,
M-0199,Cerro Ancon,,no-match,,,,,,,,,
M-0200,Andros Tern,,no-match,,,,,,,,,
M-0201,Heijmerink Staalconstructies B.V.,,no-match,,,,,,,,,
M-0202,Oosterwold Bloembollen Export B.V.,,no-match,,,,,,,,,
M-0203,Van Rhijn Graanhandel BV,,no-match,,,,,,,,,
M-0204,Dordtse Scheepsbevrachting B.V.,,no-match,,,,,,,,,
M-0205,Kraaijeveld Verpakkingen B.V.,,no-match,,,,,,,,,
M-0206,Zuidwester Containerdepot B.V. Eemhavenweg 40,,no-match,,,,,,,,,
M-0207,Westland Kas Techniek B.V.,,no-match,,,,,,,,,
M-0208,Assurantiekantoor Hofstede N.V.,,no-match,,,,,,,,,
M-0209,Limburgse Kunststof Extrusie B.V.,,no-match,,,,,,,,,
M-0210,Bernardina,,no-match,,,,,,,,,
M-0211,Tessa Marijke,,no-match,,,,,,,,,
M-0212,Pieter-Bas Hoogendijk,,no-match,,,,,,,,,
M-0213,Houtimport Callewaert NV,,no-match,,,,,,,,,
M-0214,Gentse Mouterij Deprez N.V.,,no-match,,,,,,,,,
M-0215,Transports Lambotte & Fils SA,,no-match,,,,,,,,,
M-0216,Forderanlagen Weidenbach GmbH,,no-match,,,,,,,,,
M-0217,Papierfabrik Brenztal GmbH,,no-match,,,,,,,,,
M-0218,Spedition Hollweg & Söhne GmbH,,no-match,,,,,,,,,
M-0219,Kartoffelveredelung Hasetal GmbH,,no-match,,,,,,,,,
M-0220,Saarlandische Giesserei Merzig GmbH,,no-match,,,,,,,,,
M-0221,Lahnstein,,no-match,,,,,,,,,
M-0222,Ulrike Brandauer,,no-match,,,,,,,,,
M-0223,COOPERATIVE AGRICOLE DES PLAINES DE BEAUCE,,no-match,,,,,,,,,
M-0224,Robinetterie Industrielle Vautrin SAS,,no-match,,,,,,,,,
M-0225,Soieries Chabert-Mourgues,,no-match,,,,,,,,,
M-0226,Bréhat Transit et Douane SARL,,no-match,,,,,,,,,
M-0227,Margaux Delaunay-Riviere,,no-match,,,,,,,,,
M-0228,Thistledown Woollens Ltd,,no-match,,,,,,,,,
M-0229,Garston Quay Warehousing Limited ref GQ/5521,,no-match,,,,,,,,,
M-0230,Harrowgate Bearing Supplies Ltd,,no-match,,,,,,,,,
M-0231,Aceros Forjados Guipúzcoa S.A.,,no-match,,,,,,,,,
M-0232,Frutas Hnos. Llorente S.L.,,no-match,,,,,,,,,
M-0233,Pastificio Monte Amiata S.r.l.,,no-match,,,,,,,,,
M-0234,Nefeli Anastasia,,no-match,,,,,,,,,
M-0235,Karen Holmsgaard,,no-match,,,,,,,,,
M-0236,Zakłady Mięsne Narew Sp. z o.o.,,no-match,,,,,,,,,
M-0237,Tartak Bieszczadzki sp.j.,,no-match,,,,,,,,,
M-0238,Opakowania Wislok SA,,no-match,,,,,,,,,
M-0239,Slevarna Loucna s.r.o.,,no-match,,,,,,,,,
M-0240,Přádelna Jizerka a.s.,,no-match,,,,,,,,,
M-0241,Jana Procházková,,no-match,,,,,,,,,
M-0242,Nábytok Orava s.r.o.,,no-match,,,,,,,,,
M-0243,Mátraaljai Acélszerkezet Kft.,,no-match,,,,,,,,,
M-0244,LEMN PRELUCRAT BISTRITA SRL,,no-match,,,,,,,,,
M-0245,SIA Kurzemes Paletes,,no-match,,,,,,,,,
M-0246,株式会社浜名湖精機,,no-match,,,,,,,,,
M-0247,"Tsubame Cutlery Works Co., Ltd.",,no-match,,,,,,,,,
M-0248,"Kitakyushu Steel Wire Rope Co., Ltd.",,no-match,,,,,,,,,
M-0249,Masako Uehara,,no-match,,,,,,,,,
M-0250,"Jinhua Baifeng Hardware Tools Co., Ltd.",,no-match,,,,,,,,,
M-0251,"Linyi Senhai Plywood Co., Ltd.",,no-match,,,,,,,,,
M-0252,Nantong Jiahe Home Textile Co Ltd,,no-match,,,,,,,,,
M-0253,"Guangzhou Lingxiu Cosmetics Packaging Co., Ltd.",,no-match,,,,,,,,,
M-0254,"Tianjin Beichen Bearing Co., Ltd.",,no-match,,,,,,,,,
M-0255,"Weifang Luyuan Tractor Parts Co., Ltd.",,no-match,,,,,,,,,
M-0256,Rui Ning 7,,no-match,,,,,,,,,
M-0257,"Hsinchu Liantai Optical Co., Ltd.",,no-match,,,,,,,,,
M-0258,"Busan Haeun Cold Storage Co., Ltd.",,no-match,,,,,,,,,
M-0259,Sha Tin Printing & Packaging Limited,,no-match,,,,,,,,,
M-0260,Hong Chang Da,,no-match,,,,,,,,,
M-0261,SANGANER HANDBLOCK PRINTS PVT LTD,,no-match,,,,,,,,,
M-0262,Pune Auto Stampings Pvt Ltd,,no-match,,,,,,,,,
M-0263,Kochi Coir Mats & Matting Exports,,no-match,,,,,,,,,
M-0264,Arjun Mehrotra,,no-match,,,,,,,,,
M-0265,Faisalabad Terry Towel Mills (Pvt) Ltd,,no-match,,,,,,,,,
M-0266,Dong Nai Cashew Processing JSC,,no-match,,,,,,,,,
M-0267,"Chon Buri Canned Pineapple Co., Ltd.",,no-match,,,,,,,,,
M-0268,Penang Precision Moulding Sdn. Bhd.,,no-match,,,,,,,,,
M-0269,PT Kopi Gayo Takengon Lestari,,no-match,,,,,,,,,
M-0270,Punggol Harmony,,no-match,,,,,,,,,
M-0271,Denizli Havlu Tekstil San. Tic. A.Ş.,,no-match,,,,,,,,,
M-0272,Eskişehir Seramik Karo San. A.Ş.,,no-match,,,,,,,,,
M-0273,Mersin Narenciye Ihracat Ltd Sti,,no-match,,,,,,,,,
M-0274,Kocaeli Rulman Otomotiv A.Ş.,,no-match,,,,,,,,,
M-0275,Cem Altınbaşak,,no-match,,,,,,,,,
M-0276,Silver Palm Packaging Industries L.L.C.,,no-match,,,,,,,,,
M-0277,Nizwa Date Packing Co. SAOC,,no-match,,,,,,,,,
M-0278,Haifa Bay Freight Agencies Ltd POB 3317,,no-match,,,,,,,,,
M-0279,Pecheries de la Petite Cote SARL,,no-match,,,,,,,,,
M-0280,Conserverie Tipaza Littoral EURL,,no-match,,,,,,,,,
M-0281,Kumasi Timber Veneer Company Limited,,no-match,,,,,,,,,
M-0282,Arusha Coffee Curing Works Ltd,,no-match,,,,,,,,,
M-0283,Cape Winelands Fruit Exporters (Pty) Ltd,,no-match,,,,,,,,,
M-0284,Irini Doxa,,no-match,,,,,,,,,
M-0285,Maren Vestby,,no-match,,,,,,,,,
M-0286,Cumberland Gap Hardwood Flooring Inc.,,no-match,,,,,,,,,
M-0287,Yazoo Delta Cotton Merchants LLC,,no-match,,,,,,,,,
M-0288,Hudson Valley Specialty Papers Inc.,,no-match,,,,,,,,,
M-0289,Kenosha Harbor Industrial Coatings Inc.,,no-match,,,,,,,,,
M-0290,Sierra Foothill Almond Growers LLC,,no-match,,,,,,,,,
M-0291,WILLAMETTE GRASS SEED EXPORTS INC,,no-match,,,,,,,,,
M-0292,Annapolis Valley Apple Packers Ltd.,,no-match,,,,,,,,,
M-0293,Hamilton Bayfront Steel Service Ltd.,,no-match,,,,,,,,,
M-0294,Tecelagem Serra Gaucha Ltda,,no-match,,,,,,,,,
M-0295,Cooperativa Cafeicultora Vale do Sapucaí,,no-match,,,,,,,,,
M-0296,HARINERA DEL LITORAL PAMPEANO SA,,no-match,,,,,,,,,
M-0297,Agroindustrial Valle de Ica S.A.C.,,no-match,,,,,,,,,
M-0298,Rodrigo Salcedo Ibarra,,no-match,,,,,,,,,
M-0299,Veraguas Dawn,,no-match,,,,,,,,,
M-0300,Barbuda Lark,,no-match,,,,,,,,,
M-0301,SNIJDERS GROENTENEXPORT BV,,no-match,,,,,,,,,
M-0302,Twentse Dekenweverij Haaksbergen B.V.,,no-match,,,,,,,,,
M-0303,Bakker Kalkhoven Transport BV,,no-match,,,,,,,,,
M-0304,Betuwe Fruitverpakking B.V.,,no-match,,,,,,,,,
M-0305,Nijverdal Kunststofrecycling B.V.,,no-match,,,,,,,,,
M-0306,Koelhuis Zevenbergen B.V.,,no-match,,,,,,,,,
M-0307,Scheepsagentuur Van Hemert B.V.,,no-match,,,,,,,,,
M-0308,Delftse Assurantiemakelaars Opmeer N.V.,,no-match,,,,,,,,,
M-0309,Anna-Liesbeth,,no-match,,,,,,,,,
M-0310,Femke Scheepstra,,no-match,,,,,,,,,
M-0311,Ieper Vlasverwerking NV,,no-match,,,,,,,,,
M-0312,Trefilerie Moreau-Lambert SA,,no-match,,,,,,,,,
M-0313,Oostkust Koelterminal NV,,no-match,,,,,,,,,
M-0314,Scaldis Fluvia,,no-match,,,,,,,,,
M-0315,Metallwarenfabrik Kettwig GmbH,,no-match,,,,,,,,,
M-0316,Winzergenossenschaft Mettenheim eG,,no-match,,,,,,,,,
M-0317,Chemische Werke Neckarau GmbH,,no-match,,,,,,,,,
M-0318,Lagerhaus Hochfeld GmbH Rheinstr. 118,,no-match,,,,,,,,,
M-0319,Hanseatisches Transportversicherungskontor AG,,no-match,,,,,,,,,
M-0320,Jürgen Waldschütz,,no-match,,,,,,,,,
M-0321,Filature Delcourt-Plancke SA,,no-match,,,,,,,,,
M-0322,Scieries Reunies du Morvan,,no-match,,,,,,,,,
M-0323,Chaudronnerie Bretonne Le Goff et Cie,,no-match,,,,,,,,,
M-0324,Minoterie du Val de Sevre SAS,,no-match,,,,,,,,,
M-0325,Kilbrannan Salmon Smokery Ltd,,no-match,,,,,,,,,
M-0326,Pennine Valve Co. Ltd,,no-match,,,,,,,,,
M-0327,Wearside Fastener Distribution Ltd,,no-match,,,,,,,,,
M-0328,Ringaskiddy Grain Handling Ltd,,no-match,,,,,,,,,
M-0329,Industrias Carnicas Vallehermoso SA,,no-match,,,,,,,,,
M-0330,Calzados Villena Hermanos S.L.,,no-match,,,,,,,,,
M-0331,Isabel Carvajal Mendieta,,no-match,,,,,,,,,
M-0332,FONDERIA VAL TROMPIA SPA,,no-match,,,,,,,,,
M-0333,Ceramica Aveirense Rocha & Irmao Lda,,no-match,,,,,,,,,
M-0334,Akamas Glory,,no-match,,,,,,,,,
M-0335,Gozo Amber,,no-match,,,,,,,,,
M-0336,Huta Szkła Krosnowice Sp. z o.o.,,no-match,,,,,,,,,
M-0337,Ferma Drobiu Łomża sp. z o.o.,,no-match,,,,,,,,,
M-0338,Transport Miedzynarodowy Kaszuby Sp. z o.o.,,no-match,,,,,,,,,
M-0339,Kovárna Hustopeče a.s.,,no-match,,,,,,,,,
M-0340,Papirna Sazava s.r.o.,,no-match,,,,,,,,,
M-0341,Mliekareň Spišská Stráň s.r.o.,,no-match,,,,,,,,,
M-0342,Homokháti Fűszerőrlő Kft.,,no-match,,,,,,,,,
M-0343,Mecanica Făgăraș SRL,,no-match,,,,,,,,,
M-0344,Lesna Galanterija Kočevje d.o.o.,,no-match,,,,,,,,,
M-0345,Rūta Kazlauskienė,,no-match,,,,,,,,,
M-0346,세한섬유 주식회사,,no-match,,,,,,,,,
M-0347,"Changwon Hydraulic Cylinder Co., Ltd.",,no-match,,,,,,,,,
M-0348,"Mizushima Resin Compounds Co., Ltd.",,no-match,,,,,,,,,
M-0349,"Quanzhou Shilin Footwear Co., Ltd.",,no-match,,,,,,,,,
M-0350,"Yiwu Jinmao Stationery Co., Ltd.",,no-match,,,,,,,,,
M-0351,"Zibo Hongjing Refractories Co., Ltd.",,no-match,,,,,,,,,
M-0352,"Hefei Anyuan Home Appliance Parts Co., Ltd.",,no-match,,,,,,,,,
M-0353,Taizhou Lingyang Water Pump Co Ltd,,no-match,,,,,,,,,
M-0354,"Jiangmen Kaiping Sanitary Ware Co., Ltd.",,no-match,,,,,,,,,
M-0355,"Chaozhou Fengxi Porcelain Co., Ltd.",,no-match,,,,,,,,,
M-0356,Min Hua Hai,,no-match,,,,,,,,,
M-0357,"Tainan Yonghe Bicycle Parts Co., Ltd.",,no-match,,,,,,,,,
M-0358,Lai Pei-ling,,no-match,,,,,,,,,
M-0359,Tsing Yi Consolidation Services Limited ref TY-883021,,no-match,,,,,,,,,
M-0360,Tong Sheng Feng,,possible,TRANS MULTI MECHANICS CO. LTD.,OFAC,NPWMD,15922,"FENG SHENG CO., LTD.",,,0.800,name
M-0361,Ichalkaranji Cotton Yarn Mills Pvt. Ltd.,,no-match,,,,,,,,,
M-0362,Jamnagar Brass Parts Pvt Ltd,,no-match,,,,,,,,,
M-0363,Chikballapur Silk Reelers Pvt. Ltd.,,no-match,,,,,,,,,
M-0364,NARAYANGANJ DENIM MILLS LTD,,no-match,,,,,,,,,
M-0365,Hai Phong Steel Structure JSC,,no-match,,,,,,,,,
M-0366,"Rayong Polymer Compounds Co., Ltd.",,no-match,,,,,,,,,
M-0367,Ipoh Ceramic Tiles Sdn. Bhd.,,no-match,,,,,,,,,
M-0368,Siti Hajar Kamaruddin,,no-match,,,,,,,,,
M-0369,PT Mebel Jepara Jati Utama,,no-match,,,,,,,,,
M-0370,Seletar Crest,,no-match,,,,,,,,,
M-0371,AFYON MERMER BLOK SAN AS,,no-match,,,,,,,,,
M-0372,Adana Pamuk Çırçır Ltd. Şti.,,no-match,,,,,,,,,
M-0373,Tekirdag Sut Urunleri A.S.,,no-match,,,,,,,,,
M-0374,Balıkesir Kağıt Ambalaj San. A.Ş.,,no-match,,,,,,,,,
M-0375,Özge Tunalı,,no-match,,,,,,,,,
M-0376,Datça Rüzgarı,,no-match,,,,,,,,,
M-0377,Eastern Province Pipe Supports Co.,,no-match,,,,,,,,,
M-0378,Manama Cold Stores W.L.L.,,no-match,,,,,,,,,
M-0379,Casablanca Emballages Carton SA,,no-match,,,,,,,,,
M-0380,Sfax Conserverie de Sardines SARL,,no-match,,,,,,,,,
M-0381,Onitsha Rubber Processing Company Ltd,,no-match,,,,,,,,,
M-0382,Moshi Highlands Coffee Estates Ltd,,no-match,,,,,,,,,
M-0383,Amina Diallo Sow,,no-match,,,,,,,,,
M-0384,Kallisti Voyager,,no-match,,,,,,,,,
M-0385,Nordvik Heron,,no-match,,,,,,,,,
M-0386,Wabash Valley Grain Terminal LLC 2200 River Rd,,no-match,,,,,,,,,
M-0387,Chattahoochee Carpet Yarns Inc.,,no-match,,,,,,,,,
M-0388,Rogue River Wood Pellets LLC,,no-match,,,,,,,,,
M-0389,Tri-County Industrial Fasteners Inc.,,no-match,,,,,,,,,
M-0390,Blue Earth Soy Processing LLC,,no-match,,,,,,,,,
M-0391,LEHIGH GORGE REFRACTORIES INC,,no-match,,,,,,,,,
M-0392,Niagara Escarpment Wine Exports Ltd.,,no-match,,,,,,,,,
M-0393,Saguenay Pulp Traders Inc.,,no-match,,,,,,,,,
M-0394,Olaria Paulista Revestimentos Ltda.,,no-match,,,,,,,,,
M-0395,Frigorifico Coxilha Grande SA,,no-match,,,,,,,,,
M-0396,Tejidos Andinos de Cotopaxi S.A.,,no-match,,,,,,,,,
M-0397,Empacadora de Banano Pasaje S.A.,,no-match,,,,,,,,,
M-0398,Aguacates Uruapan Selectos SPR de RL,,no-match,,,,,,,,,
M-0399,Boquete Mist,,no-match,,,,,,,,,
M-0400,Eleuthera Swift,,possible,ELECTRO SANAM COMPANY,UK,The Iran (Sanctions) (Nuclear) (EU Exit) Regulations 2019,INU0225,E. S. Co.,,,0.800,name
M-0400,Eleuthera Swift,,possible,ELECTRO SANAM COMPANY,UN,Iran,110390,E. S. Co.,,,0.800,name
M-0400,Eleuthera Swift,,possible,Electro Sanam Vállalat,EU,IRN,4282,E.S. Co.,,,0.800,name
M-0401,Kloosterman Bouwstaal B.V.,,no-match,,,,,,,,,
M-0402,Hunzedal Veevoeders B.V.,,no-match,,,,,,,,,
M-0403,Van Gestel Meubelhout BV,,no-match,,,,,,,,,
M-0404,Groothandel Elektrotechniek Vissering B.V.,,no-match,,,,,,,,,
M-0405,Stuwadoorsbedrijf Charlois B.V.,,no-match,,,,,,,,,
M-0406,Onderlinge Schadeverzekering Harlingen U.A.,,no-match,,,,,,,,,
M-0407,Moutwijnbranderij Kethel B.V.,,no-match,,,,,,,,,
M-0408,Terneuzen Kanaalzone Overslag B.V. ref TKO/2024/118,,no-match,,,,,,,,,
M-0409,Visscher & Zonen Koffiebranders B.V.,,no-match,,,,,,,,,
M-0410,Everdina Jacoba,,no-match,,,,,,,,,
M-0411,Roerstreek,,no-match,,,,,,,,,
M-0412,Wouter Brinkhuis,,no-match,,,,,,,,,
M-0413,Waaslandse Betonwaren NV,,no-match,,,,,,,,,
M-0414,Chocolaterie Van Acker-Dumont SA,,no-match,,,,,,,,,
M-0415,Mosel Rückversicherung S.A.,,no-match,,,,,,,,,
M-0416,Walzwerk Iserlohn-Letmathe GmbH,,no-match,,,,,,,,,
M-0417,Glashutte Spessart GmbH,,no-match,,,,,,,,,
M-0418,Futtermittelwerk Langforden GmbH,,no-match,,,,,,,,,
M-0419,Autoteile Zulieferer Oberpfalz GmbH,,no-match,,,,,,,,,
M-0420,Umschlagbetrieb Nordenham-Blexen GmbH,,no-match,,,,,,,,,
M-0421,Wiebke Tamsen,,no-match,,,,,,,,,
M-0422,Tuileries du Pays d'Auge SA,,no-match,,,,,,,,,
M-0423,Vergers de la Durance SCA,,no-match,,,,,,,,,
M-0424,Mecanique de Precision Arvier SAS,,no-match,,,,,,,,,
M-0425,Clemence Aubertin,,no-match,,,,,,,,,
M-0426,Linthwaite Carpet Yarns Ltd,,no-match,,,,,,,,,
M-0427,SOLWAY FIRTH TIMBER MERCHANTS LTD,,no-match,,,,,,,,,
M-0428,Fraserburgh Pelagic Processors Ltd,,no-match,,,,,,,,,
M-0429,Catalan Bay Runner,,no-match,,,,,,,,,
M-0430,Maderas Aserradas del Bierzo SL,,no-match,,,,,,,,,
M-0431,Cartiera Val di Serchio SpA,,no-match,,,,,,,,,
M-0432,Salumificio Fratelli Borghini Srl,,no-match,,,,,,,,,
M-0433,Aegean Marble Quarries Tsakiris S.A.,,no-match,,,,,,,,,
M-0434,Henrik Aagaard Lund,,no-match,,,,,,,,,
M-0435,Sigrun Hovde,,no-match,,,,,,,,,
M-0436,Zakład Przetwórstwa Owoców Grójec sp. z o.o.,,no-match,,,,,,,,,
M-0437,Fabryka Mebli Dunajec Sp. z o.o.,,no-match,,,,,,,,,
M-0438,Autotrans Lubelski Sp. z o.o.,,no-match,,,,,,,,,
M-0439,Marek Gołębiowski,,no-match,,,,,,,,,
M-0440,Kovoobrabeni Svitavy s.r.o.,,no-match,,,,,,,,,
M-0441,Sladovna Pomoraví a.s.,,no-match,,,,,,,,,
M-0442,Drevarska Vyroba Kysuce s.r.o.,,no-match,,,,,,,,,
M-0443,Hajdúsági Gabonaszárító Kft.,,no-match,,,,,,,,,
M-0444,Viticola Dealu Mare SRL,,no-match,,,,,,,,,
M-0445,Kuressaare Puidutööstus OÜ,,no-match,,,,,,,,,
M-0446,"Wuxi Lingfeng Bearing Co., Ltd.",,no-match,,,,,,,,,
M-0447,"Jinjiang Hongye Sportswear Co., Ltd.",,no-match,,,,,,,,,
M-0448,"Anji Zhuyun Bamboo Products Co., Ltd.",,no-match,,,,,,,,,
M-0449,"Rizhao Wanglan Fishing Net Co., Ltd.",,no-match,,,,,,,,,
M-0450,Zhongshan Guzhen Lighting Fixtures Co Ltd,,no-match,,,,,,,,,
M-0451,"Handan Yongnian Fasteners Co., Ltd.",,no-match,,,,,,,,,
M-0452,"Luoyang Jianxi Gear Reducer Co., Ltd.",,no-match,,,,,,,,,
M-0453,"Liuyang Chuxiang Fireworks Co., Ltd.",,no-match,,,,,,,,,
M-0454,Tang Mingxuan,,no-match,,,,,,,,,
M-0455,Yu Jia Xiang,,no-match,,,,,,,,,
M-0456,"Chita Seisakusho Co., Ltd.",,no-match,,,,,,,,,
M-0457,"Kosai Plastic Molding Co., Ltd.",,no-match,,,,,,,,,
M-0458,"Incheon Seongdo Logistics Co., Ltd. 3F 45 Harbor-ro",,no-match,,,,,,,,,
M-0459,Tai Po Industrial Estate Printing Limited,,no-match,,,,,,,,,
M-0460,Kang Tai Hua,,no-match,,,,,,,,,
M-0461,Panipat Handloom Rugs Pvt. Ltd.,,no-match,,,,,,,,,
M-0462,Hosur Automotive Castings Pvt Ltd,,no-match,,,,,,,,,
M-0463,Veraval Frozen Seafood Exports Pvt. Ltd.,,no-match,,,,,,,,,
M-0464,Rohan Deshpande,,no-match,,,,,,,,,
M-0465,Sialkot Sporting Goods Stitchers (Pvt) Ltd,,no-match,,,,,,,,,
M-0466,TANGAIL JUTE TWINE LTD,,no-match,,,,,,,,,
M-0467,Quang Nam Granite JSC,,no-match,,,,,,,,,
M-0468,"Samut Sakhon Tuna Canning Co., Ltd.",,no-match,,,,,,,,,
M-0469,PT Karet Palembang Jaya,,no-match,,,,,,,,,
M-0470,Clementi Pride,,possible,Shang Yuan Bao,UK,The Democratic People's Republic of Korea (Sanctions) (EU Exit) Regulations 2019,DPR0121,C.P. 33,,8126070,0.800,name
M-0471,مصنع زهرة الصحراء للتغليف,,no-match,,,,,,,,,
M-0472,Bilecik Seramik Sağlık Gereçleri A.Ş.,,no-match,,,,,,,,,
M-0473,Rize Çay Paketleme Ltd. Şti.,,no-match,,,,,,,,,
M-0474,IZMIR KEMALPASA KALIP SAN AS,,no-match,,,,,,,,,
M-0475,Canakkale Salca ve Konserve AS,,no-match,,,,,,,,,
M-0476,Levent Özdamar,,no-match,,,,,,,,,
M-0477,Coastline Aluminium Profiles L.L.C.,,no-match,,,,,,,,,
M-0478,Sur Fish Processing Co. LLC,,no-match,,,,,,,,,
M-0479,Câblerie de Tanger-Assilah SARL,,no-match,,,,,,,,,
M-0480,Damietta Furniture Makers S.A.E.,,no-match,,,,,,,,,
M-0481,Abidjan Hévéa Traitement SA,,no-match,,,,,,,,,
M-0482,Eldoret Maize Millers Ltd,,no-match,,,,,,,,,
M-0483,Port Louis Freeport Warehousing Ltd Mer Rouge,,no-match,,,,,,,,,
M-0484,Andromachi,,possible,Center for High Pressure Science and Technology Advanced Research,CSL,Entity List (EL),a9f753a7baa1589d451c09a7df23661fec97cb98124062792f0d5c21,and,,,0.800,name
M-0485,Kithira Lady,,no-match,,,,,,,,,
M-0486,Muskegon Lakeshore Castings Inc.,,no-match,,,,,,,,,
M-0487,SNAKE RIVER POTATO PROCESSORS LLC,,no-match,,,,,,,,,
M-0488,Brazos Bend Resin Distributors Inc.,,no-match,,,,,,,,,
M-0489,Piedmont Triad Upholstery Supply Co.,,no-match,,,,,,,,,
M-0490,Housatonic Precision Springs Inc.,,no-match,,,,,,,,,
M-0491,Megan Kowalczyk,,no-match,,,,,,,,,
M-0492,Okanagan Orchard Exporters Ltd.,,no-match,,,,,,,,,
M-0493,Rimouski Seafood Processors Inc.,,no-match,,,,,,,,,
M-0494,Calcados Vale do Paranhana Ltda,,no-match,,,,,,,,,
M-0495,SEMENTES CERRADO MINEIRO SA,,no-match,,,,,,,,,
M-0496,Yerbatera Oberá Misionera S.A.,,no-match,,,,,,,,,
M-0497,Lacteos Cordillera Nevada SA,,no-match,,,,,,,,,
M-0498,Textiles Pima de Piura S.A.C.,,no-match,,,,,,,,,
M-0499,Taboga Swift,,no-match,,,,,,,,,
M-0500,Inagua Pearl,,no-match,,,,,,,,,
M-0501,Boskoop Boomkwekerij Hazelaar B.V.,,no-match,,,,,,,,,
M-0502,Verhoeckx Zuivelhandel B.V.,,no-match,,,,,,,,,
M-0503,Tilburgse Wolspinnerij BV,,no-match,,,,,,,,,
M-0504,Rederij Harlingerland B.V.,,no-match,,,,,,,,,
M-0505,Calandkanaal Opslag en Overslag B.V.,,no-match,,,,,,,,,
M-0506,Venlo Logistiek Centrum Blerick B.V. Celsiusweg 21,,no-match,,,,,,,,,
M-0507,Kroes Machinebouw Emmen B.V.,,no-match,,,,,,,,,
M-0508,Kwekerij De Hoge Akker B.V.,,no-match,,,,,,,,,
M-0509,Gebr. Ooms Kunstmesthandel B.V.,,no-match,,,,,,,,,
M-0510,Driekus,,no-match,,,,,,,,,
M-0511,Joost Wagenvoort,,no-match,,,,,,,,,
M-0512,Kempense Zandgroeve NV,,no-match,,,,,,,,,
M-0513,Galvanisation Hoyoux SA,,no-match,,,,,,,,,
M-0514,Möbelwerkstätten Ostwestfalen Tenge GmbH,,no-match,,,,,,,,,
M-0515,Kunststofftechnik Allgäu Bernried GmbH,,no-match,,,,,,,,,
M-0516,ROSTOCKER GETREIDELAGER GMBH,,no-match,,,,,,,,,
M-0517,Speditionskontor Altenwerder GmbH,,no-match,,,,,,,,,
M-0518,Beschlage Hohenlohe GmbH & Co KG,,possible,Blood and Honour,UK,The Counter-Terrorism (Sanctions) (EU Exit) Regulations 2019,CTD0006,B&H,,,0.800,name
M-0519,Kaub,,no-match,,,,,,,,,
M-0520,Frauke Heidbrink,,no-match,,,,,,,,,
M-0521,Faiencerie du Bas-Berry,,no-match,,,,,,,,,
M-0522,Semences Plaine du Lauragais S.A.,,no-match,,,,,,,,,
M-0523,Transitaire Portuaire Mazargues SARL,,no-match,,,,,,,,,
M-0524,Boulonnerie de la Haute-Marne SAS,,no-match,,,,,,,,,
M-0525,Carrick Linen Weavers Ltd,,no-match,,,,,,,,,
M-0526,Deeside Pipe Supports Ltd,,no-match,,,,,,,,,
M-0527,Achill Sound Seafood Processors Ltd,,no-match,,,,,,,,,
M-0528,Sinéad Ní Bhriain,,no-match,,,,,,,,,
M-0529,Aislamientos Termicos Navarra SA,,no-match,,,,,,,,,
M-0530,Azulejos Castellón Vilafamés S.L.,,no-match,,,,,,,,,
M-0531,Mobilificio Brianza Cantu Srl,,no-match,,,,,,,,,
M-0532,Κτήματα Λευκαδίτη Α.Ε.,,no-match,,,,,,,,,
M-0533,Kalamata Wave,,no-match,,,,,,,,,
M-0534,Mekaniska Verkstad Lidkoping AB,,no-match,,,,,,,,,
M-0535,Troodos Breeze,,no-match,,,,,,,,,
M-0536,Wytwórnia Pasz Mońki Sp. z o.o.,,no-match,,,,,,,,,
M-0537,ZAKLADY DRZEWNE PUSZCZA NOTECKA SA,,no-match,,,,,,,,,
M-0538,Zalew Wiślany,,no-match,,,,,,,,,
M-0539,Kotlarna Frydlant s.r.o.,,no-match,,,,,,,,,
M-0540,Tkáčovna Vrchlabí a.s.,,no-match,,,,,,,,,
M-0541,Poľnohospodárske družstvo Záhorie,,no-match,,,,,,,,,
M-0542,Gyori Csomagolastechnika Kft,,no-match,,,,,,,,,
M-0543,Eszter Bárdossy,,no-match,,,,,,,,,
M-0544,Fabrica de Mobila Suceava SRL,,no-match,,,,,,,,,
M-0545,Zagorje Tekstil d.o.o.,,no-match,,,,,,,,,
M-0546,"Yixing Zisha Ceramic Crafts Co., Ltd.",,no-match,,,,,,,,,
M-0547,"Xuzhou Fengshou Agricultural Machinery Co., Ltd.",,no-match,,,,,,,,,
M-0548,Shantou Chenghai Toy Industry Co Ltd,,no-match,,,,,,,,,
M-0549,"Pinghu Luggage Manufacturing Co., Ltd.",,no-match,,,,,,,,,
M-0550,"Anping Hengtong Wire Mesh Co., Ltd.",,no-match,,,,,,,,,
M-0551,"Wujiang Shengze Silk Fabrics Co., Ltd.",,no-match,,,,,,,,,
M-0552,"Zhangzhou Longhai Canned Mushroom Co., Ltd.",,no-match,,,,,,,,,
M-0553,"Ganzhou Nankang Furniture Co., Ltd.",,no-match,,,,,,,,,
M-0554,Hua Xiang 9,,no-match,,,,,,,,,
M-0555,"Toyama Aluminium Sash Co., Ltd.",,no-match,,,,,,,,,
M-0556,"Senshu Towel Weaving Co., Ltd.",,no-match,,,,,,,,,
M-0557,"Gumi Display Components Co., Ltd.",,no-match,,,,,,,,,
M-0558,Kwun Tong Garment Sourcing Limited Flat C 9/F,,no-match,,,,,,,,,
M-0559,Fu Hui Lin,,no-match,,,,,,,,,
M-0560,Kuo Chia-hao,,no-match,,,,,,,,,
M-0561,Bhiwandi Logistics Parks Pvt. Ltd.,,no-match,,,,,,,,,
M-0562,Surat Viscose Weavers Pvt Ltd,,no-match,,,,,,,,,
M-0563,Thoothukudi Salt Works Pvt. Ltd.,,no-match,,,,,,,,,
M-0564,GAZIPUR SWEATER INDUSTRIES LTD,,no-match,,,,,,,,,
M-0565,Nuwara Eliya Highland Tea (Pvt) Ltd,,no-match,,,,,,,,,
M-0566,Tharindu Senevirathna,,no-match,,,,,,,,,
M-0567,Binh Duong Paper Packaging JSC,,no-match,,,,,,,,,
M-0568,Songkhla Rubber Wood Co. Ltd,,no-match,,,,,,,,,
M-0569,Cebu Rattan Furniture Makers Inc.,,no-match,,,,,,,,,
M-0570,Bukit Timah Swift,,no-match,,,,,,,,,
M-0571,Karaman Bisküvi Gıda San. A.Ş.,,no-match,,,,,,,,,
M-0572,KAHRAMANMARAS IPLIK TEKSTIL AS,,no-match,,,,,,,,,
M-0573,Muğla Mermer Ocakları A.Ş.,,no-match,,,,,,,,,
M-0574,Sakarya Oto Koltuk San. A.Ş.,,no-match,,,,,,,,,
M-0575,Selin Akyürek,,no-match,,,,,,,,,
M-0576,Pearl Coast Joinery W.L.L.,,no-match,,,,,,,,,
M-0577,Salalah Freight Agency LLC PO Box 1180 PC 211,,no-match,,,,,,,,,
M-0578,Shuwaikh Port Clearing Co. W.L.L.,,no-match,,,,,,,,,
M-0579,Agadir Primeurs Export SA,,no-match,,,,,,,,,
M-0580,Monastir Confection Textile Sarl,,no-match,,,,,,,,,
M-0581,Kaduna Sesame Seed Processors Ltd,,no-match,,,,,,,,,
M-0582,Stellenbosch Barrel Coopers (Pty) Ltd,,no-match,,,,,,,,,
M-0583,Lomé Transit et Consignation SA,,no-match,,,,,,,,,
M-0584,Nikaia Harmony,,no-match,,,,,,,,,
M-0585,Haugesund Petrel,,no-match,,,,,,,,,
M-0586,Pocono Mountain Paper Tubes Inc.,,no-match,,,,,,,,,
M-0587,ARKANSAS RIVER RICE MILL LLC,,no-match,,,,,,,,,
M-0588,Platte Valley Hides & Skins LLC,,no-match,,,,,,,,,
M-0589,Congaree Textile Finishing Inc.,,no-match,,,,,,,,,
M-0590,Bayou Teche Sugar Brokers LLC,,no-match,,,,,,,,,
M-0591,Schoharie Brass Works Inc.,,no-match,,,,,,,,,
M-0592,Kaministiquia Grain Handlers Ltd.,,no-match,,,,,,,,,
M-0593,Tourbières du Bas-Saint-Laurent Inc.,,no-match,,,,,,,,,
M-0594,Fiação Itajaí Ltda.,,no-match,,,,,,,,,
M-0595,Marmores e Granitos Cachoeiro Ltda,,no-match,,,,,,,,,
M-0596,Arrocera del Norte Santafesino S.A.,,no-match,,,,,,,,,
M-0597,Fruticola Valle de Aconcagua SA,,no-match,,,,,,,,,
M-0598,Valentina Echeverry Ossa,,no-match,,,,,,,,,
M-0599,Pedasí Horizon,,no-match,,,,,,,,,
M-0600,Abaco Breeze,,no-match,,,,,,,,,
M-0601,Oudewater Touwslagerij B.V.,,no-match,,,,,,,,,
M-0602,Hoogeveen Aluminium Profielen B.V.,,no-match,,,,,,,,,
M-0603,Dekker & Timmermans Groenteconserven BV,,no-match,,,,,,,,,
M-0604,Barendrecht Agro Logistiek B.V.,,no-match,,,,,,,,,
M-0605,Chemicalienopslag Nieuw-Mathenesse B.V.,,no-match,,,,,,,,,
M-0606,Scheepsbevrachtingskantoor Ruygrok B.V.,,no-match,,,,,,,,,
M-0607,Friese Vlasserij Makkinga B.V.,,no-match,,,,,,,,,
M-0608,Nijmeegse Handelsbank N.V.,,no-match,,,,,,,,,
M-0609,Maasheuvel,,no-match,,,,,,,,,
M-0610,Annelies Veldkamp,,no-match,,,,,,,,,
M-0611,Mechelse Meubelmakerij Janssens-Wouters BV,,no-match,,,,,,,,,
M-0612,Verreries Reunies de Jumet SA,,no-match,,,,,,,,,
M-0613,Durme,,no-match,,,,,,,,,
M-0614,Tuchfabrik Eilendorf GmbH,,no-match,,,,,,,,,
M-0615,Drahtwerk Altena-Rahmede GmbH,,no-match,,,,,,,,,
M-0616,Obstkelterei Bodenseekreis GmbH,,no-match,,,,,,,,,
M-0617,Holzhandel Schwarzwald-Baar GmbH,,no-match,,,,,,,,,
M-0618,Logistikzentrum Hamm-Uentrop GmbH Lagerstr. 9,,no-match,,,,,,,,,
M-0619,Elbufer Handelsbank AG,,no-match,,,,,,,,,
M-0620,Florian Weissenborn,,no-match,,,,,,,,,
M-0621,Papeteries de la Vologne SA,,no-match,,,,,,,,,
M-0622,Salaisons du Haut-Doubs Sarl,,no-match,,,,,,,,,
M-0623,Estampage Thiernois SAS,,no-match,,,,,,,,,
M-0624,Assurances Transport Lemoine-Barrault SA,,no-match,,,,,,,,,
M-0625,Kendal Engineering Plastics Ltd,,no-match,,,,,,,,,
M-0626,HUMBERSIDE GRAIN EXPORTERS LTD,,no-match,,,,,,,,,
M-0627,Galway Bay Medical Plastics Ltd,,no-match,,,,,,,,,
M-0628,Hilaturas del Ter SA,,no-match,,,,,,,,,
M-0629,Quesos Artesanos Picos de Urbión S.L.,,no-match,,,,,,,,,
M-0630,Conserve Vegetali Piana del Sele S.p.A.,,no-match,,,,,,,,,
M-0631,Giorgia Ferracuti,,no-match,,,,,,,,,
M-0632,Porcelanas Vista do Vouga Lda,,no-match,,,,,,,,,
M-0633,Basilea Nova,,no-match,,,,,,,,,
M-0634,Mellieha Bay,,no-match,,,,,,,,,
M-0635,Trondheimsleia,,possible,TAMILS REHABILITATION ORGANISATION,OFAC,SDGT,10486,TRO,yes,,0.800,name
M-0636,Przetwornia Warzyw Radziejow Sp. z o.o.,,no-match,,,,,,,,,
M-0637,Odlewnia Żeliwa Nysa Kłodzka Sp. z o.o.,,no-match,,,,,,,,,
M-0638,Opakowania Tekturowe Bystrzyca Sp. z o.o.,,no-match,,,,,,,,,
M-0639,Vinne sklepy Palava s.r.o.,,no-match,,,,,,,,,
M-0640,Strojárne Hornád s.r.o.,,no-match,,,,,,,,,
M-0641,Katarína Hudecová,,no-match,,,,,,,,,
M-0642,Zalai Hutohaz Kft,,no-match,,,,,,,,,
M-0643,AGENTIA DE NAVLOSIRE TOMIS SRL,,no-match,,,,,,,,,
M-0644,UAB Kuršių Krova,,no-match,,,,,,,,,
M-0645,Јаворник Дрво д.о.о.,,no-match,,,,,,,,,
M-0646,"Zhuji Datang Hosiery Co., Ltd.",,no-match,,,,,,,,,
M-0647,"Yuyao Jinhao Plastic Moulds Co., Ltd.",,no-match,,,,,,,,,
M-0648,Kunshan Tengda Precision Machinery Co Ltd,,no-match,,,,,,,,,
M-0649,"Jingdezhen Qinghua Porcelain Co., Ltd.",,no-match,,,,,,,,,
M-0650,"Dezhou Ruiyang Solar Heaters Co., Ltd.",,no-match,,,,,,,,,
M-0651,"Fuqing Honglu Food Co., Ltd.",,no-match,,,,,,,,,
M-0652,"Lishui Songyang Tea Co., Ltd.",,no-match,,,,,,,,,
M-0653,"Baoding Mancheng Paper Co., Ltd.",,no-match,,,,,,,,,
M-0654,Qiu Haoran,,no-match,,,,,,,,,
M-0655,"Sakai Hamono Kobo Co., Ltd.",,no-match,,,,,,,,,
M-0656,"Kojima Indigo Weaving Co., Ltd.",,no-match,,,,,,,,,
M-0657,"Ulsan Hwaseong Valve Co., Ltd.",,no-match,,,,,,,,,
M-0658,Seon Bong,,no-match,,,,,,,,,
M-0659,"Taoyuan Yongfu Packaging Co., Ltd. No. 88 Zhongzheng Rd",,no-match,,,,,,,,,
M-0660,Jia Hui Yuan,,no-match,,,,,,,,,
M-0661,Kanpur Saddlery & Leather Goods Pvt. Ltd.,,no-match,,,,,,,,,
M-0662,Firozabad Glassware Exports Pvt Ltd,,no-match,,,,,,,,,
M-0663,Vidarbha Orange Processors Pvt. Ltd.,,no-match,,,,,,,,,
M-0664,SAVAR KNITWEAR LTD,,no-match,,,,,,,,,
M-0665,Công ty Cổ phần Gạo Trà Ôn,,no-match,,,,,,,,,
M-0666,"Ayutthaya Canned Fruit Co., Ltd.",,no-match,,,,,,,,,
M-0667,Muar Furniture Components Sdn. Bhd.,,no-match,,,,,,,,,
M-0668,Kavitha Subramaniam,,no-match,,,,,,,,,
M-0669,PT Tekstil Bandung Raya Sentosa,,no-match,,,,,,,,,
M-0670,Toa Payoh Voyager,,possible,TOA PAYOH,EU-VESSELS,833/2014 Annex XLII,IMO9298492,,,9298492,0.800,name
M-0670,Toa Payoh Voyager,,possible,TOA PAYOH,OFAC,IRAN-EO13902,54809,,,9298492,0.800,name
M-0671,Ordu Findik Ihracat AS,,no-match,,,,,,,,,
M-0672,Bartın Orman Ürünleri Ltd. Şti.,,no-match,,,,,,,,,
M-0673,Aksaray Tarım Ekipmanları A.Ş.,,no-match,,,,,,,,,
M-0674,DUZCE AMBALAJ KAGIT SAN AS,,no-match,,,,,,,,,
M-0675,Mert Kılıçaslan,,no-match,,,,,,,,,
M-0676,Coral Reef Steel Fabrication L.L.C.,,no-match,,,,,,,,,
M-0677,Hofuf Dates Packing Co.,,no-match,,,,,,,,,
M-0678,Ashdod Coast Customs Brokers Ltd file 7741-B,,no-match,,,,,,,,,
M-0679,Olives de Table du Saïss SARL,,no-match,,,,,,,,,
M-0680,Sidama Highland Coffee Exporters PLC,,no-match,,,,,,,,,
M-0681,Takoradi Timber Mouldings Ltd,,no-match,,,,,,,,,
M-0682,Nacala Cashew Processors Lda,,no-match,,,,,,,,,
M-0683,Wanjiru Muthoni,,possible,W & M Limited Partnership,CSL,Nonproliferation Sanctions (ISN): Chemical and Biological Weapons Act,6b1afd880f0aa5d6de2b8ca262fb4ab3b424bb830751bfe128cb0e03,,,,0.800,name
M-0684,Ithaki Dawn,,no-match,,,,,,,,,
M-0685,Samothraki,,possible,CHLOE,OFAC,SDGT,51850,SAM 121,,9173745,0.800,name
M-0685,Samothraki,,possible,LLC SCIENTIFIC AND PRODUCTION ENTERPRISE SPETSENERGOMEKHANIKA,UK,The Russia (Sanctions) (EU Exit) Regulations 2019,RUS3624,LLC NPP SAM,,,0.800,name
M-0685,Samothraki,,possible,SARAYA AL-MUKHTAR,OFAC,SDGT,30650,SAM,yes,,0.800,name
M-0685,Samothraki,,possible,STAR 18,OFAC,DPRK4,28716,SAM 5,yes,9020015,0.800,name
M-0686,Susquehanna Millwork Supply Inc.,,no-match,,,,,,,,,
M-0687,Pembina Beet Seed Co.,,no-match,,,,,,,,,
M-0688,Everglades Citrus Concentrates LLC,,no-match,,,,,,,,,
M-0689,Yadkin River Hosiery Mills Inc.,,no-match,,,,,,,,,
M-0690,CUYAHOGA INDUSTRIAL ABRASIVES INC,,no-match,,,,,,,,,
M-0691,Tombigbee Lumber Exports LLC,,no-match,,,,,,,,,
M-0692,Erabliere Saint-Zacharie Inc,,no-match,,,,,,,,,
M-0693,Kootenay Lake Cedar Products Ltd.,,no-match,,,,,,,,,
M-0694,Ceramica Vale do Tubarao Ltda,,no-match,,,,,,,,,
M-0695,Algodoeira Oeste Baiano S.A.,,no-match,,,,,,,,,
M-0696,Conservas de Palmito Guayas S.A.,,no-match,,,,,,,,,
M-0697,Cafe de Altura Chiapaneco SA de CV,,no-match,,,,,,,,,
M-0698,Cooperativa Lanera de la Patagonia Ltda.,,no-match,,,,,,,,,
M-0699,Darién Crest,,no-match,,,,,,,,,
M-0700,English Harbour Tern,,no-match,,,,,,,,,
M-0701,Zaanse Cacaohandel Wormerveer B.V.,,no-match,,,,,,,,,
M-0702,Van Beusekom Transportbanden B.V.,,no-match,,,,,,,,,
M-0703,Geldermalsen Fruitsappen BV,,no-match,,,,,,,,,
M-0704,Oude Maas Scheepsagenturen B.V. ref OMS 24/3310,,no-match,,,,,,,,,
M-0705,Achterhoekse Metaalbewerking Lichtenvoorde B.V.,,no-match,,,,,,,,,
M-0706,Noordkaap Visverwerking Urk B.V.,,no-match,,,,,,,,,
M-0707,Hofman Rozenkwekerij Aalsmeer B.V.,,no-match,,,,,,,,,
M-0708,Kanaal Zuid Tankterminal B.V.,,no-match,,,,,,,,,
M-0709,Schokland,,possible,"Shenzhen SCH Technology Co., Ltd.",CSL,Entity List (EL),8ce07ca97b436904695042ae89b2ed004ba002590f4af99ece21bd11,SCH,,,0.800,name
M-0710,Thijs Oudshoorn,,no-match,,,,,,,,,
M-0711,Verzekeringskantoor Dewaele-Pauwels NV,,no-match,,,,,,,,,
M-0712,Carrières du Condroz SA,,no-match,,,,,,,,,
M-0713,Anneke Brugmans,,no-match,,,,,,,,,
M-0714,Ardennes Logistique Wiltz Sarl,,no-match,,,,,,,,,
M-0715,Schraubenwerk Ennepetal GmbH,,no-match,,,,,,,,,
M-0716,Zuckerwarenfabrik Luneburger Heide GmbH,,no-match,,,,,,,,,
M-0717,PUMPENBAU SIEGERLAND GMBH,,no-match,,,,,,,,,
M-0718,Frachtkontor Nord-Ostsee GmbH,,no-match,,,,,,,,,
M-0719,Spinnerei Frankenwald GmbH,,no-match,,,,,,,,,
M-0720,Hiddensee,,no-match,,,,,,,,,
M-0721,Rainer Kohlhepp,,no-match,,,,,,,,,
M-0722,Conserverie de la Presqu'île de Rhuys SAS,,no-match,,,,,,,,,
M-0723,Plasturgie Jurassienne SA,,no-match,,,,,,,,,
M-0724,Menuiseries Industrielles du Poitou SAS,,no-match,,,,,,,,,
M-0725,Cooperative Laitiere des Monts du Cantal,,no-match,,,,,,,,,
M-0726,Tewkesbury Fabrications Ltd,,no-match,,,,,,,,,
M-0727,Stranraer Freight Forwarding Limited Harbour St,,no-match,,,,,,,,,
M-0728,Shannon Estuary Agri Supplies Ltd,,no-match,,,,,,,,,
M-0729,Exportadora Hortofruticola Campo de Cartagena SL,,no-match,,,,,,,,,
M-0730,Laminados del Cantabrico SA,,no-match,,,,,,,,,
M-0731,Rubinetterie Valsesia S.p.A.,,no-match,,,,,,,,,
M-0732,Maglificio Carpigiano Guerzoni Srl,,no-match,,,,,,,,,
M-0733,Tampereen Kone ja Valimo Oy,,no-match,,,,,,,,,
M-0734,Ribeira Brava,,no-match,,,,,,,,,
M-0735,Kythnos Spirit,,no-match,,,,,,,,,
M-0736,Mleczarnia Doliny Bugu Sp. z o.o.,,no-match,,,,,,,,,
M-0737,Zaklad Srub i Wkretow Wadowice Sp z oo,,no-match,,,,,,,,,
M-0738,Galanteria Drzewna Mazury S.A.,,no-match,,,,,,,,,
M-0739,Porcelán Slavkovský les s.r.o.,,no-match,,,,,,,,,
M-0740,Upravna Textilu Tanvald s.r.o.,,no-match,,,,,,,,,
M-0741,Lukáš Dvořáček,,no-match,,,,,,,,,
M-0742,Obalová technika Žilina s.r.o.,,no-match,,,,,,,,,
M-0743,Nyirsegi Almafeldolgozo Kft,,no-match,,,,,,,,,
M-0744,Zlatna Dobrudzha Grain AD,,no-match,,,,,,,,,
M-0745,SIA Latgales Kūdra,,no-match,,,,,,,,,
M-0746,台中和昇機械股份有限公司,,no-match,,,,,,,,,
M-0747,"Jiangyin Hongrun Chemical Fibre Co., Ltd.",,no-match,,,,,,,,,
M-0748,"Changle Jinfeng Warp Knitting Co., Ltd.",,no-match,,,,,,,,,
M-0749,Huzhou Nanxun Wood Flooring Co Ltd,,no-match,,,,,,,,,
M-0750,"Zigong Caideng Lanterns Co., Ltd.",,no-match,,,,,,,,,
M-0751,"Shouguang Hetian Seedling Co., Ltd.",,no-match,,,,,,,,,
M-0752,"Taian Jiuzhou Geotextile Co., Ltd.",,no-match,,,,,,,,,
M-0753,"Pujiang Guangyi Crystal Crafts Co., Ltd.",,no-match,,,,,,,,,
M-0754,"Yangjiang Dongcheng Kitchenware Co., Ltd.",,no-match,,,,,,,,,
M-0755,Ning Xiang Yun,,no-match,,,,,,,,,
M-0756,"Sanjo Forged Tools Co., Ltd.",,no-match,,,,,,,,,
M-0757,"Kanuma Joinery Works Co., Ltd.",,no-match,,,,,,,,,
M-0758,"Pohang Coil Center Co., Ltd.",,no-match,,,,,,,,,
M-0759,Seo Min-jae,,no-match,,,,,,,,,
M-0760,Heng An Da,,no-match,,,,,,,,,
M-0761,Karnal Basmati Millers Pvt. Ltd.,,no-match,,,,,,,,,
M-0762,Morbi Vitrified Tiles Pvt Ltd,,no-match,,,,,,,,,
M-0763,Aligarh Hardware and Locks Pvt. Ltd.,,no-match,,,,,,,,,
M-0764,Hooghly Riverside Jute Mills Ltd.,,no-match,,,,,,,,,
M-0765,ASHULIA WOVEN GARMENTS LTD,,no-match,,,,,,,,,
M-0766,Farhana Chowdhury,,no-match,,,,,,,,,
M-0767,Da Nang Seafood Processing JSC,,no-match,,,,,,,,,
M-0768,"Trang Rubber Sheet Co., Ltd.",,no-match,,,,,,,,,
M-0769,PT Furnitur Klaten Abadi,,no-match,,,,,,,,,
M-0770,Kranji Heron,,no-match,,,,,,,,,
M-0771,Isparta Halı Kilim A.Ş.,,no-match,,,,,,,,,
M-0772,Artvin Bal ve Arıcılık Ltd. Şti.,,no-match,,,,,,,,,
M-0773,BOLU KANATLI YEM SAN AS,,no-match,,,,,,,,,
M-0774,Edirne Pirinc Fabrikasi AS,,no-match,,,,,,,,,
M-0775,Tuğba Erkoçlar,,no-match,,,,,,,,,
M-0776,Creekside Cargo Services L.L.C. PO Box 48821,,no-match,,,,,,,,,
M-0777,Sitra Aluminium Rolling W.L.L.,,no-match,,,,,,,,,
M-0778,Irbid Pharmaceutical Packaging Co.,,no-match,,,,,,,,,
M-0779,Kenitra Agrumes Export SA,,no-match,,,,,,,,,
M-0780,Sousse Ceramique Sanitaire SA,,no-match,,,,,,,,,
M-0781,Ibadan Cashew Exporters Ltd,,no-match,,,,,,,,,
M-0782,Masaka Coffee Hullers Ltd,,no-match,,,,,,,,,
M-0783,Gqeberha Wool Scourers (Pty) Ltd,,no-match,,,,,,,,,
M-0784,Poros Wanderer,,no-match,,,,,,,,,
M-0785,Lindesnes Swallow,,no-match,,,,,,,,,
M-0786,ALLEGHENY PLATE ROLLING INC,,no-match,,,,,,,,,
M-0787,Monterey Bay Produce Exporters LLC,,no-match,,,,,,,,,
M-0788,Great Smoky Hardwood Kilns Inc.,,no-match,,,,,,,,,
M-0789,Merrimack Specialty Fibers Inc.,,no-match,,,,,,,,,
M-0790,Travis Hollingsworth,,no-match,,,,,,,,,
M-0791,Chesapeake Pathfinder,,possible,Shang Yuan Bao,UK,The Democratic People's Republic of Korea (Sanctions) (EU Exit) Regulations 2019,DPR0121,C.P. 33,,8126070,0.800,name
M-0792,Saint-Hyacinthe Pork Processors Inc.,,no-match,,,,,,,,,
M-0793,Chilliwack Blueberry Growers Ltd.,,no-match,,,,,,,,,
M-0794,Frigorifico Serrano Paysandu SA,,no-match,,,,,,,,,
M-0795,Laticinios Serra da Canastra Ltda,,no-match,,,,,,,,,
M-0796,MOVEIS PLANEJADOS BENTO GONCALVES LTDA,,no-match,,,,,,,,,
M-0797,Granitos Serra do Mar Ltda.,,no-match,,,,,,,,,
M-0798,Exportadora de Espárragos Chavimochic S.A.C.,,no-match,,,,,,,,,
M-0799,Azuero Condor,,strong,AERONAUTICA CONDOR S.A. DE C.V.,OFAC,SDNT,11483,AEROCONDOR S.A. DE C.V.,,,0.833,name
M-0800,Cat Island Pelican,,no-match,,,,,,,,,
M-0801,Visgroothandel Maassluis B.V.,,no-match,,,,,,,,,
M-0802,Van Tongeren Isolatietechniek B.V.,,no-match,,,,,,,,,
M-0803,Kampen IJsselhout BV,,no-match,,,,,,,,,
M-0804,Draaierij en Frezerij Hengelo B.V.,,no-match,,,,,,,,,
M-0805,Stolwijk Zuivelcooperatie U.A.,,no-match,,,,,,,,,
M-0806,Beneluxhaven Containerdepot B.V. Moezelweg 150,,no-match,,,,,,,,,
M-0807,Diervoeders De Peel B.V.,,no-match,,,,,,,,,
M-0808,Expeditiekantoor Kempenaar B.V.,,possible,EKC.AG,UK,The Russia (Sanctions) (EU Exit) Regulations 2019,RUS2441,e. K.-Company GmbH & Co. KG,,,0.800,name
M-0809,Veluwezoom,,no-match,,,,,,,,,
M-0810,Bram Doornbos,,no-match,,,,,,,,,
M-0811,Leiesteden Vlasspinnerij NV,,no-match,,,,,,,,,
M-0812,Mouterij Haspengouw NV,,no-match,,,,,,,,,
M-0813,Hainaut Charpentes Metalliques SA,,no-match,,,,,,,,,
M-0814,Rupelmonde,,no-match,,,,,,,,,
M-0815,Nathalie Vanhecke,,possible,Naserin Vahid,UK,The Iran (Sanctions) (Nuclear) (EU Exit) Regulations 2019,INU0097,N.V. Co,,,0.800,name
M-0816,Kaltetechnik Vorpommern GmbH,,no-match,,,,,,,,,
M-0817,Spielwaren Neufang GmbH,,no-match,,,,,,,,,
M-0818,Stahlhandel Ruhrort GmbH,,no-match,,,,,,,,,
M-0819,KORNHAUS UELZEN GMBH,,no-match,,,,,,,,,
M-0820,Transportversicherung Gluckstadt AG,,no-match,,,,,,,,,
M-0821,Verrerie de la Bresle SAS,,no-match,,,,,,,,,
M-0822,Abattoir Cooperatif du Segala,,no-match,,,,,,,,,
M-0823,Emballages Carton Picards SA,,no-match,,,,,,,,,
M-0824,Bois et Scieries des Landes de Gascogne,,no-match,,,,,,,,,
M-0825,Tamworth Castings Ltd,,no-match,,,,,,,,,
M-0826,Barnstaple Agricultural Engineering Limited,,no-match,,,,,,,,,
M-0827,Wicklow Hills Timber Ltd,,no-match,,,,,,,,,
M-0828,Harinas del Duero Tordesillas S.A.,,no-match,,,,,,,,,
M-0829,Tejidos Tecnicos Alcoy SL,,no-match,,,,,,,,,
M-0830,Conceria Valdinievole S.r.l.,,no-match,,,,,,,,,
M-0831,Vetreria Artigiana Altamura S.r.l.,,no-match,,,,,,,,,
M-0832,Sägerei Emmental AG,,no-match,,,,,,,,,
M-0833,Ines Wolfsteiner,,no-match,,,,,,,,,
M-0834,Xlendi Bay,,no-match,,,,,,,,,
M-0835,Ingrid Tveit,,no-match,,,,,,,,,
M-0836,Tartak Borowiec Sp. z o.o.,,no-match,,,,,,,,,
M-0837,Przedzalnia Czarna Przemsza Sp. z o.o.,,no-match,,,,,,,,,
M-0838,Chladírny Olomouc a.s.,,no-match,,,,,,,,,
M-0839,Pila Sumava s.r.o.,,no-match,,,,,,,,,
M-0840,MLYNY GEMER SRO,,no-match,,,,,,,,,
M-0841,Bacskai Takarmany Kft,,no-match,,,,,,,,,
M-0842,Dragoș Munteanu,,no-match,,,,,,,,,
M-0843,Melnik Valley Wines AD,,no-match,,,,,,,,,
M-0844,Istarski Kamen d.o.o.,,no-match,,,,,,,,,
M-0845,Pelješac,,no-match,,,,,,,,,
M-0846,"Shengzhou Yalan Necktie Co., Ltd.",,no-match,,,,,,,,,
M-0847,"Danyang Mingshi Optical Lens Co., Ltd.",,no-match,,,,,,,,,
M-0848,"Cixi Zhoutang Electric Fans Co., Ltd.",,no-match,,,,,,,,,
M-0849,"Longkou Yuanfeng Vermicelli Co., Ltd.",,no-match,,,,,,,,,
M-0850,Nan'an Shuitou Granite Slabs Co Ltd,,no-match,,,,,,,,,
M-0851,"Shangyu Songxia Umbrella Co., Ltd.",,no-match,,,,,,,,,
M-0852,"Jieyang Huacheng Stainless Wares Co., Ltd.",,no-match,,,,,,,,,
M-0853,"Heze Tongmu Paulownia Products Co., Ltd.",,no-match,,,,,,,,,
M-0854,Xiang Tai Feng,,possible,FENG TAI,OFAC,SDGT,50855,,,9248473,0.800,name
M-0855,"Mino Seki Hamono Co., Ltd.",,no-match,,,,,,,,,
M-0856,"Tajimi Tile Works Co., Ltd.",,no-match,,,,,,,,,
M-0857,Hiroko Nishimaki,,no-match,,,,,,,,,
M-0858,"Jinju Bidan Silk Co., Ltd.",,no-match,,,,,,,,,
M-0859,Chai Wan Cargo Handling Limited ref CW-2024-5519,,no-match,,,,,,,,,
M-0860,Chang Yuan Bao,,strong,Shang Yuan Bao,UK,The Democratic People's Republic of Korea (Sanctions) (EU Exit) Regulations 2019,DPR0121,,,8126070,0.965,name
M-0860,Chang Yuan Bao,,strong,SHANG YUAN BAO,OFAC,DPRK4,26933,,,8126070,0.965,name
M-0861,Bhadohi Carpet Weavers Pvt. Ltd.,,no-match,,,,,,,,,
M-0862,Ludhiana Woollen Knitwear Pvt Ltd,,no-match,,,,,,,,,
M-0863,Guntur Red Chilli Traders Pvt. Ltd.,,no-match,,,,,,,,,
M-0864,Alappuzha Coir Mattings Pvt. Ltd.,,no-match,,,,,,,,,
M-0865,Anjali Kulkarni,,no-match,,,,,,,,,
M-0866,MYMENSINGH JUTE SPINNERS LTD,,no-match,,,,,,,,,
M-0867,Can Tho Frozen Pangasius JSC,,no-match,,,,,,,,,
M-0868,PT Kerajinan Rotan Tasikmalaya,,no-match,,,,,,,,,
M-0869,Davao Banana Chips Corp.,,no-match,,,,,,,,,
M-0870,Yishun Albatross,,no-match,,,,,,,,,
M-0871,مصنع صحار للبلاستيك,,no-match,,,,,,,,,
M-0872,Tokat Bakır İşleme Ltd. Şti.,,no-match,,,,,,,,,
M-0873,SIVAS KAGIT TORBA SAN AS,,no-match,,,,,,,,,
M-0874,Aydin Incir Ihracat Ltd Sti,,no-match,,,,,,,,,
M-0875,Kırklareli Cam Şişe San. A.Ş.,,no-match,,,,,,,,,
M-0876,Eren Başaran,,no-match,,,,,,,,,
M-0877,Jazan Mango Growers Co.,,no-match,,,,,,,,,
M-0878,Rehovot Citrus Growers Ltd,,no-match,,,,,,,,,
M-0879,Conserves de Sardines de Safi SA,,no-match,,,,,,,,,
M-0880,Bizerte Câbles Industriels SARL,,no-match,,,,,,,,,
M-0881,Kano Hides and Skins Tanners Ltd,,no-match,,,,,,,,,
M-0882,Nyeri Highlands Avocado Packers Ltd,,no-match,,,,,,,,,
M-0883,Mansa Groundnut Processors Ltd,,no-match,,,,,,,,,
M-0884,Milos Osprey,,no-match,,,,,,,,,
M-0885,Alonissos,,no-match,,,,,,,,,
M-0886,Portage Lake Paperboard Inc.,,no-match,,,,,,,,,
M-0887,Brazos Valley Cotton Gin LLC,,no-match,,,,,,,,,
M-0888,Sandusky Bay Hardware Supply Inc.,,no-match,,,,,,,,,
M-0889,WENATCHEE CHERRY PACKERS LLC,,no-match,,,,,,,,,
M-0890,Pawtuxet Valley Narrow Fabrics Inc.,,no-match,,,,,,,,,
M-0891,Catawba Clay Products Inc.,,no-match,,,,,,,,,
M-0892,Meubles Lanaudière Inc.,,no-match,,,,,,,,,
M-0893,Nanaimo Harbour Log Exporters Ltd. 400 Stewart Ave,,no-match,,,,,,,,,
M-0894,Curtiembre Rio Negro Oriental SA,,no-match,,,,,,,,,
M-0895,Cooperativa Agroindustrial Norte Paranaense,,no-match,,,,,,,,,
M-0896,Vina Loma del Cachapoal SA,,no-match,,,,,,,,,
M-0897,Flores de Cayambe S.A.,,no-match,,,,,,,,,
M-0898,Joaquín Arrieta Solís,,no-match,,,,,,,,,
M-0899,Coiba Egret,,no-match,,,,,,,,,
M-0900,Bimini Gannet,,no-match,,,,,,,,,
M-0901,Verheul & Roozendaal Bouwmaterialen B.V.,,no-match,,,,,,,,,
M-0902,Hollands Kroon Pootaardappelen B.V.,,no-match,,,,,,,,,
M-0903,Zwolse Kabelfabriek BV,,no-match,,,,,,,,,
M-0904,Eemshaven Biomassa Overslag B.V.,,no-match,,,,,,,,,
M-0905,Delfzijl Zoutopslag B.V. Oosterhorn 12,,no-match,,,,,,,,,
M-0906,Sassenheim Bloembollen Handelmaatschappij B.V.,,no-match,,,,,,,,,
M-0907,Stichtse Verzekeringsmaatschappij N.V.,,no-match,,,,,,,,,
M-0908,Lingestroom,,no-match,,,,,,,,,
M-0909,Merel Kooijmans,,no-match,,,,,,,,,
M-0910,Brugse Chocolade Ateliers Vermeersch BV,,no-match,,,,,,,,,
M-0911,Fonderie Mosane Dethier SA,,no-match,,,,,,,,,
M-0912,Keramikwerk Westerwald Ransbach GmbH,,no-match,,,,,,,,,
M-0913,Getriebebau Hohenlimburg GmbH,,no-match,,,,,,,,,
M-0914,Rohkaffee Kontor Wandsbek GmbH,,no-match,,,,,,,,,
M-0915,LANDTECHNIK EMSBUREN GMBH,,no-match,,,,,,,,,
M-0916,Befrachtungskontor Weener GmbH,,no-match,,,,,,,,,
M-0917,Marbach,,no-match,,,,,,,,,
M-0918,Birgit Lohrmann,,no-match,,,,,,,,,
M-0919,Cidrerie du Pays de Caux SAS,,no-match,,,,,,,,,
M-0920,Ateliers de Chaudronnerie Vendéens,,no-match,,,,,,,,,
M-0921,Textiles Techniques du Cambresis SA,,no-match,,,,,,,,,
M-0922,Transports Routiers Arnaud-Vidalenc Sarl,,no-match,,,,,,,,,
M-0923,Gilles Fontanarosa,,no-match,,,,,,,,,
M-0924,Cotswold Grain Merchants Ltd,,no-match,,,,,,,,,
M-0925,LANARKSHIRE STEEL STOCKHOLDERS LTD,,no-match,,,,,,,,,
M-0926,Avonmouth Timber Wharf Ltd,,no-match,,,,,,,,,
M-0927,Killorglin Dairy Ingredients Ltd,,no-match,,,,,,,,,
M-0928,Envases Metalicos del Ebro SA,,no-match,,,,,,,,,
M-0929,Marmoles Macael Almanzora SL,,no-match,,,,,,,,,
M-0930,Calzaturificio Riviera del Brenta Srl,,no-match,,,,,,,,,
M-0931,Valvole Industriali Lumezzane S.p.A.,,no-match,,,,,,,,,
M-0932,Mobelfabrik Salling A/S,,no-match,,,,,,,,,
M-0933,Langeland Bridge,,no-match,,,,,,,,,
M-0934,Kourion Endeavour,,no-match,,,,,,,,,
M-0935,Tinos Ermis,,no-match,,,,,,,,,
M-0936,Przetwórnia Rybna Ustka Sp. z o.o.,,no-match,,,,,,,,,
M-0937,Meble Kaszubskie Sp. z o.o.,,no-match,,,,,,,,,
M-0938,Opakowania Blaszane Sandomierz S.A.,,no-match,,,,,,,,,
M-0939,Agnieszka Szczepaniak-Wróbel,,no-match,,,,,,,,,
M-0940,Brusirna skla Kamenicky Senov s.r.o.,,no-match,,,,,,,,,
M-0941,Zamecnictvi Prostejov s.r.o.,,no-match,,,,,,,,,
M-0942,Lesy Podpoľanie s.r.o.,,no-match,,,,,,,,,
M-0943,Somogyi Gabona Zrt.,,no-match,,,,,,,,,
M-0944,Plovdiv Berry Freeze EOOD,,no-match,,,,,,,,,
M-0945,Paldiski Puistlast OÜ,,no-match,,,,,,,,,
M-0946,株式会社三河鋳工,,no-match,,,,,,,,,
M-0947,"Ogaki Textile Dyeing Co., Ltd.",,no-match,,,,,,,,,
M-0948,"Ansan Plating Industrial Co., Ltd.",,no-match,,,,,,,,,
M-0949,"Shunde Lecong Furniture Co., Ltd.",,no-match,,,,,,,,,
M-0950,Wenling Lianchuan Pump Co Ltd,,no-match,,,,,,,,,
M-0951,"Yongkang Tianhao Cookware Co., Ltd.",,no-match,,,,,,,,,
M-0952,"Anxi Xiping Oolong Tea Co., Ltd.",,no-match,,,,,,,,,
M-0953,"Nanjing Liuhe Conveyor Belt Co., Ltd.",,no-match,,,,,,,,,
M-0954,"Fuyang Chunjiang Paperboard Co., Ltd.",,no-match,,,,,,,,,
M-0955,"Zhuanghe Blueberry Processing Co., Ltd.",,no-match,,,,,,,,,
M-0956,Luo Xiaohui,,no-match,,,,,,,,,
M-0957,Da Xin Hua,,no-match,,,,,,,,,
M-0958,"Keelung Harbor Forwarding Co., Ltd. 5F No. 17 Gangxi St",,no-match,,,,,,,,,
M-0959,Yuen Long Food Packaging Limited,,no-match,,,,,,,,,
M-0960,Wei Heng Yuan,,possible,Patrick Jinchao; a.k.a. Wei Wei,CSL,ITAR Debarred (DTC),3419049f55e4493699ac440e519042db,Wei Wei,,,0.800,name
M-0961,Erode Handloom Towels Pvt. Ltd.,,no-match,,,,,,,,,
M-0962,Kakinada Shrimp Exporters Pvt Ltd,,no-match,,,,,,,,,
M-0963,Jodhpur Sheesham Furniture Pvt. Ltd.,,no-match,,,,,,,,,
M-0964,Vaniyambadi Tannery Pvt. Ltd.,,no-match,,,,,,,,,
M-0965,Meera Iyengar,,no-match,,,,,,,,,
M-0966,NARSINGDI TEXTILE DYEING LTD,,no-match,,,,,,,,,
M-0967,Bat Trang Pottery Export JSC,,no-match,,,,,,,,,
M-0968,"Chiang Mai Celadon Ware Co., Ltd.",,no-match,,,,,,,,,
M-0969,Kuching Timber Mouldings Sdn. Bhd.,,no-match,,,,,,,,,
M-0970,Tuas Kingfisher,,no-match,,,,,,,,,
M-0971,NAZILLI PAMUK IPLIK SAN AS,,no-match,,,,,,,,,
M-0972,Malatya Kayısı İhracat Ltd. Şti.,,no-match,,,,,,,,,
M-0973,İnegöl Mobilya Kapı A.Ş.,,no-match,,,,,,,,,
M-0974,Dilovasi Boya Kimya San AS,,no-match,,,,,,,,,
M-0975,Hande Gürsoy,,no-match,,,,,,,,,
M-0976,Mussafah Steel Stockists L.L.C. Plot M-26,,no-match,,,,,,,,,
M-0977,Khobar Seaside Furniture Co.,,no-match,,,,,,,,,
M-0978,Sabhan Cold Storage Co. W.L.L.,,no-match,,,,,,,,,
M-0979,Tanneries Artisanales de Fès SARL,,no-match,,,,,,,,,
M-0980,Nabeul Poterie Export SARL,,no-match,,,,,,,,,
M-0981,Ilorin Shea Butter Processors Ltd,,no-match,,,,,,,,,
M-0982,Tanga Sisal Fibre Exporters Ltd,,no-match,,,,,,,,,
M-0983,Douala Bois Tropicaux SA,,no-match,,,,,,,,,
M-0984,Kalymnos Ibis,,no-match,,,,,,,,,
M-0985,Folegandros,,no-match,,,,,,,,,
M-0986,MAUMEE RIVER GRAIN TERMINAL LLC,,no-match,,,,,,,,,
M-0987,Yamhill Hazelnut Packers LLC,,no-match,,,,,,,,,
M-0988,Hibbing Industrial Fasteners Inc.,,no-match,,,,,,,,,
M-0989,Altamaha Pine Products LLC,,no-match,,,,,,,,,
M-0990,Miami Valley Tool & Gauge Inc.,,no-match,,,,,,,,,
M-0991,Derek Lindqvist,,no-match,,,,,,,,,
M-0992,Grand River Food Ingredients Ltd.,,no-match,,,,,,,,,
M-0993,Petitcodiac Seafood Exporters Ltd.,,no-match,,,,,,,,,
M-0994,Cerealista Vale do Taquari Ltda.,,no-match,,,,,,,,,
M-0995,Fundicao Joinvilense Ltda,,no-match,,,,,,,,,
M-0996,Arandanos del Biobio SA,,no-match,,,,,,,,,
M-0997,Tostadora de Cafe Antigua Guatemala SA,,no-match,,,,,,,,,
M-0998,Industria Textil Tehuacan SA de CV,,no-match,,,,,,,,,
M-0999,Pacora Cormorant,,no-match,,,,,,,,,
M-1000,Rum Cay Plover,,no-match,,,,,,,,,
